Sr No,Email,Name,Address,Sent
1,person1@gmail.com,person1,Ahmedabad,True
2,person2@gmail.com,person2,Ahmedabad,True
3,person3@gmail.com,person3,Ahmedabad,True
4,person4@gmail.com,person4,Ahmedabad,True
5,person5@gmail.com,person5,Ahmedabad,True
6,person6@gmail.com,person6,Ahmedabad,True
7,person7@gmail.com,person7,Ahmedabad,True
8,person8@gmail.com,person8,Ahmedabad,True
9,person9@gmail.com,person9,Ahmedabad,True
10,person10@gmail.com,person10,Ahmedabad,True
11,person11@gmail.com,person11,Ahmedabad,True
12,person12@gmail.com,person12,Ahmedabad,True
13,person13@gmail.com,person13,Ahmedabad,True
14,person14@gmail.com,person14,Ahmedabad,True
15,person15@gmail.com,person15,Ahmedabad,True
16,person16@gmail.com,person16,Ahmedabad,True
17,person17@gmail.com,person17,Ahmedabad,True
18,person18@gmail.com,person18,Ahmedabad,True
19,person19@gmail.com,person19,Ahmedabad,
20,person20@gmail.com,person20,Ahmedabad,
21,person21@gmail.com,person21,Ahmedabad,
22,person22@gmail.com,person22,Ahmedabad,
23,person23@gmail.com,person23,Ahmedabad,
24,person24@gmail.com,person24,Ahmedabad,
25,person25@gmail.com,person25,Ahmedabad,
26,person26@gmail.com,person26,Ahmedabad,
27,person27@gmail.com,person27,Ahmedabad,
28,person28@gmail.com,person28,Ahmedabad,
29,person29@gmail.com,person29,Ahmedabad,
30,person30@gmail.com,person30,Ahmedabad,
31,person31@gmail.com,person31,Ahmedabad,
32,person32@gmail.com,person32,Ahmedabad,
33,person33@gmail.com,person33,Ahmedabad,
34,person34@gmail.com,person34,Ahmedabad,
35,person35@gmail.com,person35,Ahmedabad,
36,person36@gmail.com,person36,Ahmedabad,
37,person37@gmail.com,person37,Ahmedabad,
38,person38@gmail.com,person38,Ahmedabad,
39,person39@gmail.com,person39,Ahmedabad,
40,person40@gmail.com,person40,Ahmedabad,
41,person41@gmail.com,person41,Ahmedabad,
42,person42@gmail.com,person42,Ahmedabad,
43,person43@gmail.com,person43,Ahmedabad,
44,person44@gmail.com,person44,Ahmedabad,
45,person45@gmail.com,person45,Ahmedabad,
46,person46@gmail.com,person46,Ahmedabad,
47,person47@gmail.com,person47,Ahmedabad,
48,person48@gmail.com,person48,Ahmedabad,
49,person49@gmail.com,person49,Ahmedabad,
50,person50@gmail.com,person50,Ahmedabad,